wheel-base,curb-weight,engine-size,bore,stroke,compression-ratio,horsepower,peak-rpm,city-mpg,highway-mpg,price,num-of-cylinders,fuel-type_diesel,fuel-type_gas,aspiration_std,aspiration_turbo,drive-wheels_4wd,drive-wheels_fwd,drive-wheels_rwd,engine-location_front,engine-location_rear,engine-type_dohc,engine-type_l,engine-type_ohc,engine-type_ohcf,engine-type_ohcv,fuel-system_1bbl,fuel-system_2bbl,fuel-system_idi,fuel-system_mfi,fuel-system_mpfi,fuel-system_spdi,fuel-system_spfi
114.2,3485,152,3.7,3.52,21.0,95.0,4150.0,25,25,17075.0,4,1,0,0,1,0,0,1,1,0,0,1,0,0,0,0,0,1,0,0,0,0
101.2,2395,108,3.5,2.8,8.8,101.0,5800.0,23,29,16430.0,4,0,1,1,0,0,0,1,1,0,0,0,1,0,0,0,0,0,0,1,0,0
98.4,2536,146,3.62,3.5,9.3,116.0,4800.0,24,30,9639.0,4,0,1,1,0,0,0,1,1,0,0,0,1,0,0,0,0,0,0,1,0,0
110.0,3505,209,3.62,3.39,8.0,182.0,5400.0,15,20,36880.0,6,0,1,1,0,0,0,1,1,0,0,0,1,0,0,0,0,0,0,1,0,0
96.3,2328,122,3.35,3.46,8.5,88.0,5000.0,25,32,8499.0,4,0,1,1,0,0,1,0,1,0,0,0,1,0,0,0,1,0,0,0,0,0
114.2,3285,120,3.46,2.19,8.4,95.0,5000.0,19,24,16695.0,4,0,1,1,0,0,0,1,1,0,0,1,0,0,0,0,0,0,0,1,0,0
94.5,2169,98,3.19,3.03,9.0,70.0,4800.0,29,34,8058.0,4,0,1,1,0,0,0,1,1,0,0,0,1,0,0,0,1,0,0,0,0,0
93.7,2050,97,3.62,2.36,9.0,69.0,4900.0,31,36,5118.0,4,0,1,1,0,0,1,0,1,0,0,0,0,1,0,0,1,0,0,0,0,0
100.4,3095,181,3.43,3.27,9.0,152.0,5200.0,17,22,13499.0,6,0,1,1,0,0,1,0,1,0,0,0,0,0,1,0,0,0,0,1,0,0
104.3,3034,141,3.78,3.15,9.5,114.0,5400.0,23,28,13415.0,4,0,1,1,0,0,0,1,1,0,0,0,1,0,0,0,0,0,0,1,0,0
88.6,2548,130,3.47,2.68,9.0,111.0,5000.0,21,27,16500.0,4,0,1,1,0,0,0,1,1,0,1,0,0,0,0,0,0,0,0,1,0,0
95.9,2811,156,3.6,3.9,7.0,145.0,5000.0,19,24,12964.0,4,0,1,0,1,0,1,0,1,0,0,0,1,0,0,0,0,0,1,0,0,0
97.0,2455,108,3.62,2.64,9.0,94.0,5200.0,25,31,10198.0,4,0,1,1,0,0,1,0,1,0,0,0,0,1,0,0,0,0,0,1,0,0
104.3,3042,141,3.78,3.15,9.5,114.0,5400.0,24,28,16515.0,4,0,1,1,0,0,0,1,1,0,0,0,1,0,0,0,0,0,0,1,0,0
95.7,2109,98,3.19,3.03,9.0,70.0,4800.0,30,37,7198.0,4,0,1,1,0,0,1,0,1,0,0,0,1,0,0,0,1,0,0,0,0,0
97.2,2145,108,3.62,2.64,9.5,82.0,4800.0,32,37,7126.0,4,0,1,1,0,0,1,0,1,0,0,0,0,1,0,0,1,0,0,0,0,0
97.0,2510,108,3.62,2.64,7.7,111.0,4800.0,24,29,11259.0,4,0,1,0,1,1,0,0,1,0,0,0,0,1,0,0,0,0,0,1,0,0
102.9,2976,171,3.27,3.35,9.3,161.0,5200.0,20,24,16558.0,6,0,1,1,0,0,0,1,1,0,1,0,0,0,0,0,0,0,0,1,0,0
100.4,3060,181,3.43,3.27,9.0,152.0,5200.0,19,25,13499.0,6,0,1,1,0,0,1,0,1,0,0,0,0,0,1,0,0,0,0,1,0,0
95.9,2833,156,3.58,3.86,7.0,145.0,5000.0,19,24,12629.0,4,0,1,0,1,0,1,0,1,0,0,0,1,0,0,0,0,0,0,0,1,0
96.5,2465,110,3.15,3.58,9.0,101.0,5800.0,24,28,12945.0,4,0,1,1,0,0,1,0,1,0,0,0,1,0,0,0,0,0,0,1,0,0
95.7,2140,98,3.19,3.03,9.0,70.0,4800.0,28,34,9258.0,4,0,1,1,0,0,1,0,1,0,0,0,1,0,0,0,1,0,0,0,0,0
95.7,2280,92,3.05,3.03,9.0,62.0,4800.0,31,37,6918.0,4,0,1,1,0,0,1,0,1,0,0,0,1,0,0,0,1,0,0,0,0,0
89.5,2756,194,3.74,2.9,9.5,207.0,5900.0,17,25,32528.0,6,0,1,1,0,0,0,1,0,1,0,0,0,1,0,0,0,0,0,1,0,0
95.7,1985,92,3.05,3.03,9.0,62.0,4800.0,35,39,5348.0,4,0,1,1,0,0,1,0,1,0,0,0,1,0,0,0,1,0,0,0,0,0
97.2,2324,120,3.33,3.47,8.5,97.0,5200.0,27,34,8949.0,4,0,1,1,0,0,1,0,1,0,0,0,1,0,0,0,1,0,0,0,0,0
93.7,1918,90,2.97,3.23,9.4,68.0,5500.0,37,41,5572.0,4,0,1,1,0,0,1,0,1,0,0,0,1,0,0,0,1,0,0,0,0,0
100.4,3296,181,3.43,3.27,9.0,152.0,5200.0,17,22,14399.0,6,0,1,1,0,0,1,0,1,0,0,0,0,0,1,0,0,0,0,1,0,0
109.1,2952,141,3.78,3.15,9.5,114.0,5400.0,23,28,16845.0,4,0,1,1,0,0,0,1,1,0,0,0,1,0,0,0,0,0,0,1,0,0
109.1,3012,173,3.58,2.87,8.8,134.0,5500.0,18,23,21485.0,6,0,1,1,0,0,0,1,1,0,0,0,0,0,1,0,0,0,0,1,0,0
93.1,1890,91,3.03,3.15,9.0,68.0,5000.0,30,31,5195.0,4,0,1,1,0,0,1,0,1,0,0,0,1,0,0,0,1,0,0,0,0,0
97.2,2340,108,3.62,2.64,9.0,94.0,5200.0,26,32,9960.0,4,0,1,1,0,0,1,0,1,0,0,0,0,1,0,0,0,0,0,1,0,0
95.9,2818,156,3.59,3.86,7.0,145.0,5000.0,19,24,12764.0,4,0,1,0,1,0,0,1,1,0,0,0,1,0,0,0,0,0,0,0,1,0
95.7,2094,98,3.19,3.03,9.0,70.0,4800.0,38,47,7738.0,4,0,1,1,0,0,1,0,1,0,0,0,1,0,0,0,1,0,0,0,0,0
99.1,2847,121,3.54,3.07,9.0,160.0,5500.0,19,26,18620.0,4,0,1,0,1,0,1,0,1,0,1,0,0,0,0,0,0,0,0,1,0,0
95.7,2081,98,3.19,3.03,9.0,70.0,4800.0,30,37,6938.0,4,0,1,1,0,0,1,0,1,0,0,0,1,0,0,0,1,0,0,0,0,0
98.4,2540,146,3.62,3.5,9.3,116.0,4800.0,24,30,8449.0,4,0,1,1,0,0,0,1,1,0,0,0,1,0,0,0,0,0,0,1,0,0
94.5,1938,97,3.15,3.29,9.4,69.0,5200.0,31,37,6849.0,4,0,1,1,0,0,1,0,1,0,0,0,1,0,0,0,1,0,0,0,0,0
107.9,3252,152,3.7,3.52,21.0,95.0,4150.0,28,33,16900.0,4,1,0,0,1,0,0,1,1,0,0,1,0,0,0,0,0,1,0,0,0,0
96.6,3685,234,3.46,3.1,8.3,155.0,4750.0,16,18,35056.0,8,0,1,1,0,0,0,1,1,0,0,0,0,0,1,0,0,0,0,1,0,0
99.1,2695,121,3.54,3.07,9.3,110.0,5250.0,21,28,12170.0,4,0,1,1,0,0,1,0,1,0,0,0,1,0,0,0,0,0,0,1,0,0
114.2,3430,152,3.7,3.52,21.0,95.0,4150.0,25,25,13860.0,4,1,0,0,1,0,0,1,1,0,0,1,0,0,0,0,0,1,0,0,0,0
98.8,2410,122,3.39,3.39,8.6,84.0,4800.0,26,32,10245.0,4,0,1,1,0,0,1,0,1,0,0,0,1,0,0,0,1,0,0,0,0,0
93.7,2120,108,3.62,2.64,8.7,73.0,4400.0,26,31,7053.0,4,0,1,1,0,0,1,0,1,0,0,0,0,1,0,0,1,0,0,0,0,0
105.8,2844,136,3.19,3.4,8.5,110.0,5500.0,19,25,17710.0,5,0,1,1,0,0,1,0,1,0,0,0,1,0,0,0,0,0,0,1,0,0
97.3,2212,109,3.19,3.4,9.0,85.0,5250.0,27,34,8195.0,4,0,1,1,0,0,1,0,1,0,0,0,1,0,0,0,0,0,0,1,0,0
98.4,2551,146,3.62,3.5,9.3,116.0,4800.0,24,30,9989.0,4,0,1,1,0,0,0,1,1,0,0,0,1,0,0,0,0,0,0,1,0,0
99.1,2808,121,3.54,3.07,9.0,160.0,5500.0,19,26,18150.0,4,0,1,0,1,0,1,0,1,0,1,0,0,0,0,0,0,0,0,1,0,0
100.4,2661,136,3.19,3.4,8.5,110.0,5500.0,19,24,13295.0,5,0,1,1,0,0,1,0,1,0,0,0,1,0,0,0,0,0,0,1,0,0
98.8,2410,122,3.39,3.39,8.6,84.0,4800.0,26,32,8495.0,4,0,1,1,0,0,1,0,1,0,0,0,1,0,0,0,1,0,0,0,0,0
99.1,2758,121,3.54,3.07,9.3,110.0,5250.0,21,28,15510.0,4,0,1,1,0,0,1,0,1,0,0,0,1,0,0,0,0,0,0,1,0,0
97.3,2275,109,3.19,3.4,9.0,85.0,5250.0,27,34,8495.0,4,0,1,1,0,0,1,0,1,0,0,0,1,0,0,0,0,0,0,1,0,0
98.8,2443,122,3.39,3.39,22.7,64.0,4650.0,36,42,10795.0,4,1,0,1,0,0,1,0,1,0,0,0,1,0,0,0,0,1,0,0,0,0
96.5,2010,92,2.91,3.41,9.2,76.0,6000.0,30,34,7295.0,4,0,1,1,0,0,1,0,1,0,0,0,1,0,0,1,0,0,0,0,0,0
93.7,2128,98,3.03,3.39,7.6,102.0,5500.0,24,30,7957.0,4,0,1,0,1,0,1,0,1,0,0,0,1,0,0,0,0,0,0,0,1,0
94.5,1918,97,3.15,3.29,9.4,69.0,5200.0,31,37,6649.0,4,0,1,1,0,0,1,0,1,0,0,0,1,0,0,0,1,0,0,0,0,0
96.5,2024,92,2.92,3.41,9.2,76.0,6000.0,30,34,7295.0,4,0,1,1,0,0,1,0,1,0,0,0,1,0,0,1,0,0,0,0,0,0
94.5,2017,103,2.99,3.47,21.9,55.0,4800.0,45,50,7099.0,4,1,0,1,0,0,1,0,1,0,0,0,1,0,0,0,0,1,0,0,0,0
103.3,2535,122,3.35,3.46,8.5,88.0,5000.0,24,30,8921.0,4,0,1,1,0,0,1,0,1,0,0,0,1,0,0,0,1,0,0,0,0,0
94.5,2204,98,3.19,3.03,9.0,70.0,4800.0,29,34,8238.0,4,0,1,1,0,0,0,1,1,0,0,0,1,0,0,0,1,0,0,0,0,0
99.8,2337,109,3.19,3.4,10.0,102.0,5500.0,24,30,13950.0,4,0,1,1,0,0,1,0,1,0,0,0,1,0,0,0,0,0,0,1,0,0
96.3,2403,110,3.17,3.46,7.5,116.0,5500.0,23,30,9279.0,4,0,1,1,0,0,1,0,1,0,0,0,1,0,0,0,0,0,0,0,1,0
113.0,4066,258,3.63,4.17,8.1,176.0,4750.0,15,19,35550.0,6,0,1,1,0,0,0,1,1,0,1,0,0,0,0,0,0,0,0,1,0,0
99.4,2824,136,3.19,3.4,8.0,115.0,5500.0,18,22,17450.0,5,0,1,1,0,1,0,0,1,0,0,0,1,0,0,0,0,0,0,1,0,0
94.5,1874,90,3.03,3.11,9.6,70.0,5400.0,38,43,6295.0,4,0,1,1,0,0,1,0,1,0,0,0,1,0,0,0,1,0,0,0,0,0
112.0,3715,304,3.8,3.35,8.0,184.0,4500.0,14,16,45400.0,8,0,1,1,0,0,0,1,1,0,0,0,0,0,1,0,0,0,0,1,0,0
93.0,2145,98,3.03,3.39,7.6,102.0,5500.0,24,30,7689.0,4,0,1,0,1,0,1,0,1,0,0,0,1,0,0,0,0,0,0,0,1,0
102.4,2414,122,3.31,3.54,8.7,92.0,4200.0,27,32,10898.0,4,0,1,1,0,0,1,0,1,0,0,0,1,0,0,0,0,0,0,1,0,0
105.8,2954,136,3.19,3.4,8.5,110.0,5500.0,19,25,18920.0,5,0,1,1,0,0,1,0,1,0,0,0,1,0,0,0,0,0,0,1,0,0
102.0,3950,326,3.54,2.76,11.5,262.0,5000.0,13,17,36000.0,12,0,1,1,0,0,0,1,1,0,0,0,0,0,1,0,0,0,0,1,0,0
104.5,3151,161,3.27,3.35,9.2,156.0,5200.0,19,24,15750.0,6,0,1,1,0,0,0,1,1,0,1,0,0,0,0,0,0,0,0,1,0,0
95.7,3110,92,3.05,3.03,9.0,62.0,4800.0,27,32,8778.0,4,0,1,1,0,1,0,0,1,0,0,0,1,0,0,0,1,0,0,0,0,0
97.0,2290,108,3.62,2.64,9.0,82.0,4800.0,28,32,7463.0,4,0,1,1,0,0,1,0,1,0,0,0,0,1,0,0,1,0,0,0,0,0
95.7,2275,110,3.27,3.35,22.5,56.0,4500.0,34,36,7898.0,4,1,0,1,0,0,1,0,1,0,0,0,1,0,0,0,0,1,0,0,0,0
86.6,1819,92,2.91,3.41,9.2,76.0,6000.0,31,38,6855.0,4,0,1,1,0,0,1,0,1,0,0,0,1,0,0,1,0,0,0,0,0,0
99.1,2707,121,2.54,2.07,9.3,110.0,5250.0,21,28,15040.0,4,0,1,1,0,0,1,0,1,0,0,0,1,0,0,0,0,0,0,1,0,0
95.7,2015,92,3.05,3.03,9.0,62.0,4800.0,31,38,6488.0,4,0,1,1,0,0,1,0,1,0,0,0,1,0,0,0,1,0,0,0,0,0
115.6,3770,183,3.58,3.64,21.5,123.0,4350.0,22,25,31600.0,5,1,0,0,1,0,0,1,1,0,0,0,1,0,0,0,0,1,0,0,0,0
88.6,2548,130,3.47,2.68,9.0,111.0,5000.0,21,27,13495.0,4,0,1,1,0,0,0,1,1,0,1,0,0,0,0,0,0,0,0,1,0,0
94.5,1971,97,3.15,3.29,9.4,69.0,5200.0,31,37,7499.0,4,0,1,1,0,0,1,0,1,0,0,0,1,0,0,0,1,0,0,0,0,0
96.3,2370,110,3.17,3.46,7.5,116.0,5500.0,23,30,9959.0,4,0,1,0,1,0,1,0,1,0,0,0,1,0,0,0,0,0,0,0,1,0
98.8,2385,122,3.39,3.39,8.6,84.0,4800.0,26,32,10595.0,4,0,1,1,0,0,1,0,1,0,0,0,1,0,0,0,1,0,0,0,0,0
94.5,1889,97,3.15,3.29,9.4,69.0,5200.0,31,37,5499.0,4,0,1,1,0,0,1,0,1,0,0,0,1,0,0,0,1,0,0,0,0,0
94.5,2265,98,3.24,3.08,9.4,112.0,6600.0,26,29,9298.0,4,0,1,1,0,0,0,1,1,0,1,0,0,0,0,0,0,0,0,1,0,0
99.8,2507,136,3.19,3.4,8.5,110.0,5500.0,19,25,15250.0,5,0,1,1,0,0,1,0,1,0,0,0,1,0,0,0,0,0,0,1,0,0
96.3,2365,122,3.35,3.46,8.5,88.0,5000.0,25,32,6989.0,4,0,1,1,0,0,1,0,1,0,0,0,1,0,0,0,1,0,0,0,0,0
98.8,2385,122,3.39,3.39,8.6,84.0,4800.0,26,32,8845.0,4,0,1,1,0,0,1,0,1,0,0,0,1,0,0,0,1,0,0,0,0,0
96.3,2405,122,3.35,3.46,8.5,88.0,5000.0,25,32,8189.0,4,0,1,1,0,0,1,0,1,0,0,0,1,0,0,0,1,0,0,0,0,0
93.7,2191,98,2.97,3.23,9.4,68.0,5500.0,31,38,7609.0,4,0,1,1,0,0,1,0,1,0,0,0,1,0,0,0,1,0,0,0,0,0
103.5,3230,209,3.62,3.39,8.0,182.0,5400.0,16,22,30760.0,6,0,1,1,0,0,0,1,1,0,0,0,1,0,0,0,0,0,0,1,0,0
94.5,2024,97,3.15,3.29,9.4,69.0,5200.0,31,37,7349.0,4,0,1,1,0,0,1,0,1,0,0,0,1,0,0,0,1,0,0,0,0,0
107.9,3075,120,3.46,3.19,8.4,97.0,5000.0,19,24,16630.0,4,0,1,1,0,0,0,1,1,0,0,1,0,0,0,0,0,0,0,1,0,0
94.5,2823,152,2.68,3.47,9.0,154.0,5000.0,19,26,16500.0,6,0,1,1,0,0,0,1,1,0,0,0,0,0,1,0,0,0,0,1,0,0
109.1,3217,145,3.01,3.4,23.0,106.0,4800.0,26,27,22470.0,6,1,0,0,1,0,0,1,1,0,0,0,1,0,0,0,0,1,0,0,0,0
93.7,1956,92,2.91,3.41,9.2,76.0,6000.0,30,34,7129.0,4,0,1,1,0,0,1,0,1,0,0,0,1,0,0,1,0,0,0,0,0,0
93.7,1989,90,2.97,3.23,9.4,68.0,5500.0,31,38,6692.0,4,0,1,1,0,0,1,0,1,0,0,0,1,0,0,0,1,0,0,0,0,0
108.0,3130,134,3.61,3.21,7.0,142.0,5600.0,18,24,18150.0,4,0,1,0,1,0,0,1,1,0,0,1,0,0,0,0,0,0,0,1,0,0
93.7,1837,79,2.91,3.07,10.1,60.0,5500.0,38,42,5399.0,4,0,1,1,0,0,1,0,1,0,0,0,1,0,0,1,0,0,0,0,0,0
110.0,3750,183,3.58,3.64,21.5,123.0,4350.0,22,25,28248.0,5,1,0,0,1,0,0,1,1,0,0,0,1,0,0,0,0,1,0,0,0,0
94.5,2037,97,3.15,3.29,9.4,69.0,5200.0,31,37,7999.0,4,0,1,1,0,0,1,0,1,0,0,0,1,0,0,0,1,0,0,0,0,0
96.5,2304,110,3.15,3.58,9.0,86.0,5800.0,27,33,8845.0,4,0,1,1,0,0,1,0,1,0,0,0,1,0,0,1,0,0,0,0,0,0
96.3,2403,110,3.17,3.46,7.5,116.0,5500.0,23,30,9279.0,4,0,1,0,1,0,1,0,1,0,0,0,1,0,0,0,0,0,0,0,1,0
97.2,2302,120,3.33,3.47,8.5,97.0,5200.0,27,34,9549.0,4,0,1,1,0,0,1,0,1,0,0,0,1,0,0,0,1,0,0,0,0,0
93.7,1876,90,2.97,3.23,9.41,68.0,5500.0,37,41,5572.0,4,0,1,1,0,0,1,0,1,0,0,0,1,0,0,0,1,0,0,0,0,0
96.5,2236,110,3.15,3.58,9.0,86.0,5800.0,27,33,7895.0,4,0,1,1,0,0,1,0,1,0,0,0,1,0,0,1,0,0,0,0,0,0
94.5,1909,90,3.03,3.11,9.6,70.0,5400.0,38,43,6575.0,4,0,1,1,0,0,1,0,1,0,0,0,1,0,0,0,1,0,0,0,0,0
102.4,2458,122,3.31,3.54,8.7,92.0,4200.0,27,32,11248.0,4,0,1,1,0,0,1,0,1,0,0,0,1,0,0,0,0,0,0,1,0,0
93.3,2240,108,3.62,2.64,8.7,73.0,4400.0,26,31,7603.0,4,0,1,1,0,1,0,0,1,0,0,0,0,1,0,0,1,0,0,0,0,0
104.3,3157,130,3.62,3.15,7.5,162.0,5100.0,17,22,18950.0,4,0,1,0,1,0,0,1,1,0,0,0,1,0,0,0,0,0,0,1,0,0
102.7,2910,140,3.78,3.12,8.0,175.0,5000.0,19,24,16503.0,4,0,1,0,1,0,0,1,1,0,0,0,1,0,0,0,0,0,0,1,0,0
101.2,2765,164,3.31,3.19,9.0,121.0,4250.0,21,28,21105.0,6,0,1,1,0,0,0,1,1,0,0,0,1,0,0,0,0,0,0,1,0,0
95.1,2008,97,3.15,3.29,9.4,69.0,5200.0,31,37,8249.0,4,0,1,1,0,0,1,0,1,0,0,0,1,0,0,0,1,0,0,0,0,0
91.3,3139,181,3.43,3.27,7.8,200.0,5200.0,17,23,19699.0,6,0,1,0,1,0,0,1,1,0,0,0,0,0,1,0,0,0,0,1,0,0
93.1,1945,91,3.03,3.15,9.0,68.0,5000.0,31,38,6695.0,4,0,1,1,0,0,1,0,1,0,0,0,1,0,0,0,1,0,0,0,0,0
88.4,1488,61,2.91,3.03,9.5,48.0,5100.0,47,53,5151.0,3,0,1,1,0,0,1,0,1,0,0,1,0,0,0,0,1,0,0,0,0,0
94.5,2221,109,3.19,3.4,8.5,90.0,5500.0,24,29,9980.0,4,0,1,1,0,0,1,0,1,0,0,0,1,0,0,0,0,0,0,1,0,0
102.4,2480,110,3.27,3.35,22.5,73.0,4500.0,30,33,10698.0,4,1,0,0,1,0,1,0,1,0,0,0,1,0,0,0,0,1,0,0,0,0
95.9,2921,156,3.59,3.86,7.0,145.0,5000.0,19,24,14869.0,4,0,1,0,1,0,1,0,1,0,0,0,1,0,0,0,0,0,0,0,1,0
97.3,2300,109,3.19,3.4,10.0,100.0,5500.0,26,32,9995.0,4,0,1,1,0,0,1,0,1,0,0,0,1,0,0,0,0,0,0,1,0,0
94.5,2028,97,3.15,3.29,9.4,69.0,5200.0,31,37,7799.0,4,0,1,1,0,0,1,0,1,0,0,0,1,0,0,0,1,0,0,0,0,0
96.9,2650,108,3.62,2.64,7.7,111.0,4800.0,23,23,11694.0,4,0,1,0,1,1,0,0,1,0,0,0,0,1,0,0,0,0,0,1,0,0
99.1,2658,121,3.54,3.07,9.31,110.0,5250.0,21,28,11850.0,4,0,1,1,0,0,1,0,1,0,0,0,1,0,0,0,0,0,0,1,0,0
94.5,2300,98,3.24,3.08,9.4,112.0,6600.0,26,29,9538.0,4,0,1,1,0,0,0,1,1,0,1,0,0,0,0,0,0,0,0,1,0,0
96.5,2289,110,3.15,3.58,9.0,86.0,5800.0,27,33,9095.0,4,0,1,1,0,0,1,0,1,0,0,0,1,0,0,1,0,0,0,0,0,0
107.9,3252,152,3.7,3.52,21.0,95.0,4150.0,28,33,17950.0,4,1,0,0,1,0,0,1,1,0,0,1,0,0,0,0,0,1,0,0,0,0
102.4,2414,122,3.31,3.54,8.7,92.0,4200.0,27,32,9988.0,4,0,1,1,0,0,1,0,1,0,0,0,1,0,0,0,0,0,0,1,0,0
94.5,2254,109,3.19,3.4,8.5,90.0,5500.0,24,29,11595.0,4,0,1,1,0,0,1,0,1,0,0,0,1,0,0,0,0,0,0,1,0,0
101.2,2710,164,3.31,3.19,9.0,121.0,4250.0,21,28,20970.0,6,0,1,1,0,0,0,1,1,0,0,0,1,0,0,0,0,0,0,1,0,0
93.1,1905,91,3.03,3.15,9.0,68.0,5000.0,31,38,6795.0,4,0,1,1,0,0,1,0,1,0,0,0,1,0,0,0,1,0,0,0,0,0
96.9,2420,108,3.62,2.64,9.0,82.0,4800.0,23,29,8013.0,4,0,1,1,0,1,0,0,1,0,0,0,0,1,0,0,1,0,0,0,0,0
109.1,3049,141,3.78,3.15,8.7,160.0,5300.0,19,25,19045.0,4,0,1,0,1,0,0,1,1,0,0,0,1,0,0,0,0,0,0,1,0,0
95.7,2290,92,3.05,3.03,9.0,62.0,4800.0,27,32,7898.0,4,0,1,1,0,1,0,0,1,0,0,0,1,0,0,0,1,0,0,0,0,0
97.3,2264,97,3.01,3.4,23.0,52.0,4800.0,37,46,7995.0,4,1,0,1,0,0,1,0,1,0,0,0,1,0,0,0,0,1,0,0,0,0
89.5,2756,194,3.74,2.9,9.5,207.0,5900.0,17,25,34028.0,6,0,1,1,0,0,0,1,0,1,0,0,0,1,0,0,0,0,0,1,0,0
95.7,2275,110,3.27,3.35,22.5,56.0,4500.0,38,47,7788.0,4,1,0,1,0,0,1,0,1,0,0,0,1,0,0,0,0,1,0,0,0,0
115.6,3740,234,3.46,3.1,8.3,155.0,4750.0,16,18,34184.0,8,0,1,1,0,0,0,1,1,0,0,0,0,0,1,0,0,0,0,1,0,0
93.7,2128,98,3.03,3.39,7.6,102.0,5500.0,24,30,7957.0,4,0,1,0,1,0,1,0,1,0,0,0,1,0,0,0,0,0,0,1,0,0
100.4,2579,97,3.01,3.4,23.0,68.0,4500.0,33,38,13845.0,4,1,0,0,1,0,1,0,1,0,0,0,1,0,0,0,0,1,0,0,0,0
95.7,2040,92,3.05,3.03,9.0,62.0,4800.0,31,38,6338.0,4,0,1,1,0,0,1,0,1,0,0,0,1,0,0,0,1,0,0,0,0,0
93.1,1900,91,3.03,3.15,9.0,68.0,5000.0,31,38,6095.0,4,0,1,1,0,0,1,0,1,0,0,0,1,0,0,0,1,0,0,0,0,0
94.3,2337,111,3.31,3.23,8.5,78.0,4800.0,24,29,6785.0,4,0,1,1,0,0,0,1,1,0,0,0,1,0,0,0,1,0,0,0,0,0
104.3,3045,130,3.62,3.15,7.5,162.0,5100.0,17,22,18420.0,4,0,1,0,1,0,0,1,1,0,0,0,1,0,0,0,0,0,0,1,0,0
99.2,3139,181,3.43,3.27,9.0,160.0,5200.0,19,25,18399.0,6,0,1,1,0,0,0,1,1,0,0,0,0,0,1,0,0,0,0,1,0,0
97.3,2209,109,3.19,3.4,9.0,85.0,5250.0,27,34,7975.0,4,0,1,1,0,0,1,0,1,0,0,0,1,0,0,0,0,0,0,1,0,0
97.3,2261,97,3.01,3.4,23.0,52.0,4800.0,37,46,7775.0,4,1,0,1,0,0,1,0,1,0,0,0,1,0,0,0,0,1,0,0,0,0
93.7,1876,90,2.97,3.23,9.4,68.0,5500.0,31,38,6377.0,4,0,1,1,0,0,1,0,1,0,0,0,1,0,0,0,1,0,0,0,0,0
104.9,2700,134,3.43,3.64,22.0,72.0,4200.0,31,39,18344.0,4,1,0,1,0,0,0,1,1,0,0,0,1,0,0,0,0,1,0,0,0,0
93.7,1989,90,2.97,3.23,9.4,68.0,5500.0,31,38,7609.0,4,0,1,1,0,0,1,0,1,0,0,0,1,0,0,0,1,0,0,0,0,0
96.5,2372,110,3.15,3.58,9.0,86.0,5800.0,27,33,10295.0,4,0,1,1,0,0,1,0,1,0,0,0,1,0,0,1,0,0,0,0,0,0
98.8,2425,122,3.39,3.39,8.6,84.0,4800.0,26,32,11245.0,4,0,1,1,0,0,1,0,1,0,0,0,1,0,0,0,1,0,0,0,0,0
101.2,2395,108,3.5,2.8,8.8,101.0,5800.0,23,29,16925.0,4,0,1,1,0,0,0,1,1,0,0,0,1,0,0,0,0,0,0,1,0,0
98.4,2679,146,3.62,3.5,9.3,116.0,4800.0,24,30,11199.0,4,0,1,1,0,0,0,1,1,0,0,0,1,0,0,0,0,0,0,1,0,0
120.9,3900,308,3.8,3.35,8.0,184.0,4500.0,14,16,40960.0,8,0,1,1,0,0,0,1,1,0,0,0,0,0,1,0,0,0,0,1,0,0
89.5,2800,194,3.74,2.9,9.5,207.0,5900.0,17,25,37028.0,6,0,1,1,0,0,0,1,0,1,0,0,0,1,0,0,0,0,0,1,0,0
98.4,2714,146,3.62,3.5,9.3,116.0,4800.0,24,30,11549.0,4,0,1,1,0,0,0,1,1,0,0,0,1,0,0,0,0,0,0,1,0,0
102.4,2326,122,3.31,3.54,8.7,92.0,4200.0,29,34,8948.0,4,0,1,1,0,0,1,0,1,0,0,0,1,0,0,0,0,0,0,1,0,0
104.5,3131,171,3.27,3.35,9.2,156.0,5200.0,20,24,15690.0,6,0,1,1,0,0,0,1,1,0,1,0,0,0,0,0,0,0,0,1,0,0
96.5,2293,110,3.15,3.58,9.1,100.0,5500.0,25,31,10345.0,4,0,1,1,0,0,1,0,1,0,0,0,1,0,0,0,1,0,0,0,0,0
104.3,2935,141,3.78,3.15,9.5,114.0,5400.0,24,28,15985.0,4,0,1,1,0,0,0,1,1,0,0,0,1,0,0,0,0,0,0,1,0,0
97.0,2385,108,3.62,2.64,9.0,82.0,4800.0,24,25,9233.0,4,0,1,1,0,1,0,0,1,0,0,0,0,1,0,0,1,0,0,0,0,0
95.9,2926,156,3.59,3.86,7.0,145.0,5000.0,19,24,14489.0,4,0,1,0,1,0,1,0,1,0,0,0,1,0,0,0,0,0,0,0,1,0
93.7,1918,92,2.97,3.23,9.4,68.0,5500.0,37,41,5389.0,4,0,1,1,0,0,1,0,1,0,0,0,1,0,0,0,1,0,0,0,0,0
105.8,3086,131,3.13,3.4,8.3,140.0,5500.0,17,20,23875.0,5,0,1,0,1,0,1,0,1,0,0,0,1,0,0,0,0,0,0,1,0,0
102.9,3016,171,3.27,3.35,9.3,161.0,5200.0,19,24,15998.0,6,0,1,1,0,0,0,1,1,0,1,0,0,0,0,0,0,0,0,1,0,0
114.2,3230,120,3.46,3.19,8.4,97.0,5000.0,19,24,12440.0,4,0,1,1,0,0,0,1,1,0,0,1,0,0,0,0,0,0,0,1,0,0
93.7,1940,92,2.91,3.41,9.2,76.0,6000.0,30,34,6529.0,4,0,1,1,0,0,1,0,1,0,0,0,1,0,0,1,0,0,0,0,0,0
107.9,3075,120,3.46,2.19,8.4,95.0,5000.0,19,24,15580.0,4,0,1,1,0,0,0,1,1,0,0,1,0,0,0,0,0,0,0,1,0,0
97.2,2190,108,3.62,2.64,9.5,82.0,4400.0,28,33,7775.0,4,0,1,1,0,0,1,0,1,0,0,0,0,1,0,0,1,0,0,0,0,0
93.7,1967,90,2.97,3.23,9.4,68.0,5500.0,31,38,6229.0,4,0,1,1,0,0,1,0,1,0,0,0,1,0,0,0,1,0,0,0,0,0
96.0,2734,119,3.43,3.23,9.2,90.0,5000.0,24,29,11048.0,4,0,1,1,0,0,0,1,1,0,0,0,1,0,0,0,0,0,0,0,0,1
103.3,2535,122,3.34,3.46,8.5,88.0,5000.0,24,30,8921.0,4,0,1,1,0,0,1,0,1,0,0,0,1,0,0,0,1,0,0,0,0,0
94.5,2778,151,3.94,3.11,9.5,143.0,5500.0,19,27,22018.0,4,0,1,1,0,0,0,1,1,0,0,0,1,0,0,0,0,0,0,1,0,0
95.7,2122,98,3.19,3.03,9.0,70.0,4800.0,28,34,8358.0,4,0,1,1,0,0,1,0,1,0,0,0,1,0,0,0,1,0,0,0,0,0
104.9,2670,140,3.76,3.16,8.0,120.0,5000.0,19,27,18280.0,4,0,1,1,0,0,0,1,1,0,0,0,1,0,0,0,0,0,0,1,0,0
109.1,3062,141,3.78,3.15,9.5,114.0,5400.0,19,25,22625.0,4,0,1,0,1,0,0,1,1,0,0,0,1,0,0,0,0,0,0,1,0,0
113.0,4066,258,3.63,4.17,8.1,176.0,4750.0,15,19,32250.0,6,0,1,1,0,0,0,1,1,0,1,0,0,0,0,0,0,0,0,1,0,0
86.6,1713,92,2.91,3.41,9.6,58.0,4800.0,49,54,6479.0,4,0,1,1,0,0,1,0,1,0,0,0,1,0,0,1,0,0,0,0,0,0
94.5,1951,97,3.15,3.29,9.4,69.0,5200.0,31,37,7299.0,4,0,1,1,0,0,1,0,1,0,0,0,1,0,0,0,1,0,0,0,0,0
93.7,1944,92,2.97,3.23,9.4,68.0,5500.0,31,38,6189.0,4,0,1,1,0,0,1,0,1,0,0,0,1,0,0,0,1,0,0,0,0,0
103.5,3380,209,3.62,3.39,8.0,182.0,5400.0,16,22,41315.0,6,0,1,1,0,0,0,1,1,0,0,0,1,0,0,0,0,0,0,1,0,0
106.7,3495,183,3.58,3.64,21.5,123.0,4350.0,22,25,28176.0,5,1,0,0,1,0,0,1,1,0,0,0,1,0,0,0,0,1,0,0,0,0
93.7,1989,90,2.97,3.23,9.4,68.0,5500.0,31,38,6692.0,4,0,1,1,0,0,1,0,1,0,0,0,1,0,0,0,1,0,0,0,0,0
91.3,3071,181,3.43,3.27,9.0,160.0,5200.0,19,25,17199.0,6,0,1,1,0,0,0,1,1,0,0,0,0,0,1,0,0,0,0,1,0,0
103.5,3055,164,3.31,3.19,9.0,121.0,4250.0,20,25,24565.0,6,0,1,1,0,0,0,1,1,0,0,0,1,0,0,0,0,0,0,1,0,0
97.3,2319,97,3.01,3.4,23.0,68.0,4500.0,37,42,9495.0,4,1,0,0,1,0,1,0,1,0,0,0,1,0,0,0,0,1,0,0,0,0
93.7,2191,98,3.03,3.39,7.6,102.0,5500.0,24,30,8558.0,4,0,1,0,1,0,1,0,1,0,0,0,1,0,0,0,0,0,0,1,0,0
107.9,3020,120,3.46,3.19,8.4,97.0,5000.0,19,24,11900.0,4,0,1,1,0,0,0,1,1,0,0,1,0,0,0,0,0,0,0,1,0,0
110.0,3515,183,3.58,3.64,21.5,123.0,4350.0,22,25,25552.0,5,1,0,0,1,0,0,1,1,0,0,0,1,0,0,0,0,1,0,0,0,0
93.7,2004,92,2.97,3.23,9.4,68.0,5500.0,31,38,6669.0,4,0,1,1,0,0,1,0,1,0,0,0,1,0,0,0,1,0,0,0,0,0
93.1,1950,91,3.08,3.15,9.0,68.0,5000.0,31,38,7395.0,4,0,1,1,0,0,1,0,1,0,0,0,1,0,0,0,1,0,0,0,0,0
100.4,2563,109,3.19,3.4,9.0,88.0,5500.0,25,31,12290.0,4,0,1,1,0,0,1,0,1,0,0,0,1,0,0,0,0,0,0,1,0,0
107.9,3197,152,3.7,3.52,21.0,95.0,4150.0,28,33,13200.0,4,1,0,0,1,0,0,1,1,0,0,1,0,0,0,0,0,1,0,0,0,0
104.3,2912,141,3.78,3.15,9.5,114.0,5400.0,23,28,12940.0,4,0,1,1,0,0,0,1,1,0,0,0,1,0,0,0,0,0,0,1,0,0
93.7,1967,90,2.97,3.23,9.4,68.0,5500.0,31,38,6229.0,4,0,1,1,0,0,1,0,1,0,0,0,1,0,0,0,1,0,0,0,0,0
98.4,2975,146,3.62,3.5,9.3,116.0,4800.0,24,30,17669.0,4,0,1,1,0,0,0,1,1,0,0,0,1,0,0,0,0,0,0,1,0,0
